name,description,stock_available,barcode,status
Licensed Concrete Gloves,Boston's most advanced compression wear technology increases muscle oxygenation  stabilizes active muscles,11,1839282045,safe
Licensed Plastic Towels,Andy shoes are designed to keeping in mind durability as well as trends  the most stylish range of shoes & sandals,5,0417620608,danger
Bespoke Rubber Bike,The Apollotech B340 is an affordable wireless mouse with reliable connectivity  12 months battery life and modern design,20,0014487276,safe
Tasty Cotton Tuna,New ABC 13 9370  13.3  5th Gen CoreA5-8250U  8GB RAM  256GB SSD  power UHD Graphics  OS 10 Home  OS Office A & J 2016,37,0924305959,danger
Fantastic Steel Chicken,The automobile layout consists of a front-engine design  with transaxle-type transmissions mounted at the rear of the engine and four wheel drive,36,050600418X,safe
Unbranded Fresh Shoes,Andy shoes are designed to keeping in mind durability as well as trends  the most stylish range of shoes & sandals,22,1857517970,danger
Handmade Frozen Tuna,The Apollotech B340 is an affordable wireless mouse with reliable connectivity  12 months battery life and modern design,38,0111217199,safe
Generic Plastic Shirt,The automobile layout consists of a front-engine design  with transaxle-type transmissions mounted at the rear of the engine and four wheel drive,38,191653127X,danger
Modern Metal Pants,New range of formal shirts are designed keeping you in mind. With fits and styling that will make you stand apart,29,0357791932,safe
Incredible Frozen Shoes,New range of formal shirts are designed keeping you in mind. With fits and styling that will make you stand apart,35,0126339414,danger
Ergonomic Wooden Shoes,Ergonomic executive chair upholstered in bonded black leather and PVC padded seat and back for all-day comfort and support,37,0196049520,danger
Unbranded Concrete Gloves,The Apollotech B340 is an affordable wireless mouse with reliable connectivity  12 months battery life and modern design,19,0872534170,danger
Small Fresh Shirt,Boston's most advanced compression wear technology increases muscle oxygenation  stabilizes active muscles,3,0480652090,danger
Sleek Soft Fish,The automobile layout consists of a front-engine design  with transaxle-type transmissions mounted at the rear of the engine and four wheel drive,30,0160909015,safe
Recycled Frozen Keyboard,Ergonomic executive chair upholstered in bonded black leather and PVC padded seat and back for all-day comfort and support,35,0146203836,danger
Luxurious Granite Fish,The slim & simple Maple Gaming Keyboard from Dev Byte comes with a sleek body and 7- Color RGB LED Back-lighting for smart functionality,35,1876944722,safe
Luxurious Wooden Gloves,Andy shoes are designed to keeping in mind durability as well as trends  the most stylish range of shoes & sandals,19,0560204116,danger
Sleek Wooden Chips,The Apollotech B340 is an affordable wireless mouse with reliable connectivity  12 months battery life and modern design,7,1446059448,safe
Ergonomic Granite Keyboard,Carbonite web goalkeeper gloves are ergonomically designed to give easy fit,17,0495957305,safe
Gorgeous Wooden Chicken,The Football Is Good For Training And Recreational Purposes,6,0533576008,safe
Awesome Plastic Gloves,The beautiful range of Apple Naturalé that has an exciting mix of natural ingredients. With the Goodness of 100% Natural Ingredients,17,0239612698,safe
Unbranded Granite Sausages,The automobile layout consists of a front-engine design  with transaxle-type transmissions mounted at the rear of the engine and four wheel drive,14,1570516367,danger
Fantastic Cotton Tuna,Ergonomic executive chair upholstered in bonded black leather and PVC padded seat and back for all-day comfort and support,30,1820637085,danger
Generic Plastic Hat,Andy shoes are designed to keeping in mind durability as well as trends  the most stylish range of shoes & sandals,13,1977231985,safe
Elegant Cotton Pizza,The Football Is Good For Training And Recreational Purposes,2,1680937790,danger
Tasty Soft Soap,Andy shoes are designed to keeping in mind durability as well as trends  the most stylish range of shoes & sandals,31,1514479494,danger
Recycled Metal Pizza,The automobile layout consists of a front-engine design  with transaxle-type transmissions mounted at the rear of the engine and four wheel drive,5,0229032923,danger
Bespoke Rubber Chair,New ABC 13 9370  13.3  5th Gen CoreA5-8250U  8GB RAM  256GB SSD  power UHD Graphics  OS 10 Home  OS Office A & J 2016,19,042241381X,safe
Fantastic Steel Bacon,New ABC 13 9370  13.3  5th Gen CoreA5-8250U  8GB RAM  256GB SSD  power UHD Graphics  OS 10 Home  OS Office A & J 2016,15,0128141069,danger
Sleek Rubber Towels,New ABC 13 9370  13.3  5th Gen CoreA5-8250U  8GB RAM  256GB SSD  power UHD Graphics  OS 10 Home  OS Office A & J 2016,1,1696656923,safe
Intelligent Bronze Salad,Carbonite web goalkeeper gloves are ergonomically designed to give easy fit,38,1547405961,safe
Generic Metal Pizza,Andy shoes are designed to keeping in mind durability as well as trends  the most stylish range of shoes & sandals,33,0622518607,safe
Recycled Plastic Fish,Ergonomic executive chair upholstered in bonded black leather and PVC padded seat and back for all-day comfort and support,37,0845948660,danger
Small Cotton Mouse,Boston's most advanced compression wear technology increases muscle oxygenation  stabilizes active muscles,10,0154984558,safe
Modern Plastic Gloves,The slim & simple Maple Gaming Keyboard from Dev Byte comes with a sleek body and 7- Color RGB LED Back-lighting for smart functionality,12,1073379825,danger
Handcrafted Soft Pants,Ergonomic executive chair upholstered in bonded black leather and PVC padded seat and back for all-day comfort and support,9,1051105390,safe
Sleek Metal Shirt,New range of formal shirts are designed keeping you in mind. With fits and styling that will make you stand apart,10,0721657133,danger
Refined Cotton Shirt,The Football Is Good For Training And Recreational Purposes,35,1593067534,danger
Refined Wooden Keyboard,New range of formal shirts are designed keeping you in mind. With fits and styling that will make you stand apart,25,0143354442,danger
Handmade Steel Chair,The beautiful range of Apple Naturalé that has an exciting mix of natural ingredients. With the Goodness of 100% Natural Ingredients,1,0145608786,danger
Refined Frozen Bike,The Nagasaki Lander is the trademarked name of several series of Nagasaki sport bikes  that started with the 1984 ABC800J,24,0519257529,safe
Unbranded Frozen Chicken,The Nagasaki Lander is the trademarked name of several series of Nagasaki sport bikes  that started with the 1984 ABC800J,20,0632312149,danger
Licensed Soft Table,Carbonite web goalkeeper gloves are ergonomically designed to give easy fit,35,1527594092,safe
Intelligent Concrete Salad,The beautiful range of Apple Naturalé that has an exciting mix of natural ingredients. With the Goodness of 100% Natural Ingredients,35,176582284X,safe
Gorgeous Plastic Computer,Ergonomic executive chair upholstered in bonded black leather and PVC padded seat and back for all-day comfort and support,16,0043026427,safe
Refined Soft Ball,The automobile layout consists of a front-engine design  with transaxle-type transmissions mounted at the rear of the engine and four wheel drive,37,1712769804,safe
Luxurious Granite Fish,Ergonomic executive chair upholstered in bonded black leather and PVC padded seat and back for all-day comfort and support,8,089795551X,danger
Handmade Rubber Gloves,Carbonite web goalkeeper gloves are ergonomically designed to give easy fit,32,0915715988,safe
Rustic Cotton Chair,The Apollotech B340 is an affordable wireless mouse with reliable connectivity  12 months battery life and modern design,28,1838925023,danger
Awesome Steel Table,The slim & simple Maple Gaming Keyboard from Dev Byte comes with a sleek body and 7- Color RGB LED Back-lighting for smart functionality,33,0978033167,safe
Gorgeous Granite Mouse,New ABC 13 9370  13.3  5th Gen CoreA5-8250U  8GB RAM  256GB SSD  power UHD Graphics  OS 10 Home  OS Office A & J 2016,7,0356646122,safe
Gorgeous Granite Chips,The beautiful range of Apple Naturalé that has an exciting mix of natural ingredients. With the Goodness of 100% Natural Ingredients,9,1664978070,safe
Awesome Cotton Bacon,Boston's most advanced compression wear technology increases muscle oxygenation  stabilizes active muscles,8,1724455311,safe
Gorgeous Plastic Chair,The Apollotech B340 is an affordable wireless mouse with reliable connectivity  12 months battery life and modern design,1,0646305417,danger
Practical Plastic Pants,Boston's most advanced compression wear technology increases muscle oxygenation  stabilizes active muscles,4,009897629X,safe
Licensed Wooden Ball,The Nagasaki Lander is the trademarked name of several series of Nagasaki sport bikes  that started with the 1984 ABC800J,6,0421646713,safe
Handcrafted Soft Sausages,The beautiful range of Apple Naturalé that has an exciting mix of natural ingredients. With the Goodness of 100% Natural Ingredients,35,1860912680,danger
Awesome Plastic Table,Carbonite web goalkeeper gloves are ergonomically designed to give easy fit,1,0457798742,danger
Oriental Steel Soap,Ergonomic executive chair upholstered in bonded black leather and PVC padded seat and back for all-day comfort and support,21,0550037802,safe
Handmade Rubber Cheese,The Nagasaki Lander is the trademarked name of several series of Nagasaki sport bikes  that started with the 1984 ABC800J,37,0700930884,safe
Small Metal Car,Ergonomic executive chair upholstered in bonded black leather and PVC padded seat and back for all-day comfort and support,27,0715116444,danger
Luxurious Rubber Table,New ABC 13 9370  13.3  5th Gen CoreA5-8250U  8GB RAM  256GB SSD  power UHD Graphics  OS 10 Home  OS Office A & J 2016,27,0601252322,danger
Recycled Frozen Table,The slim & simple Maple Gaming Keyboard from Dev Byte comes with a sleek body and 7- Color RGB LED Back-lighting for smart functionality,8,0668591943,danger
Oriental Soft Chips,The automobile layout consists of a front-engine design  with transaxle-type transmissions mounted at the rear of the engine and four wheel drive,35,1587093146,safe
Gorgeous Bronze Cheese,Andy shoes are designed to keeping in mind durability as well as trends  the most stylish range of shoes & sandals,22,0845868489,safe
Elegant Frozen Pants,Ergonomic executive chair upholstered in bonded black leather and PVC padded seat and back for all-day comfort and support,13,0061160229,safe
Ergonomic Fresh Cheese,Boston's most advanced compression wear technology increases muscle oxygenation  stabilizes active muscles,35,1728643392,safe
Awesome Soft Chicken,The Football Is Good For Training And Recreational Purposes,17,1864293063,safe
Handcrafted Soft Gloves,The beautiful range of Apple Naturalé that has an exciting mix of natural ingredients. With the Goodness of 100% Natural Ingredients,37,1305733509,danger
Practical Frozen Shirt,New range of formal shirts are designed keeping you in mind. With fits and styling that will make you stand apart,14,1983370274,safe
Tasty Metal Car,Andy shoes are designed to keeping in mind durability as well as trends  the most stylish range of shoes & sandals,31,1259169731,danger
Refined Rubber Hat,Carbonite web goalkeeper gloves are ergonomically designed to give easy fit,28,1783821272,safe
Handmade Metal Bike,Carbonite web goalkeeper gloves are ergonomically designed to give easy fit,3,1028874901,danger
Rustic Bronze Computer,Andy shoes are designed to keeping in mind durability as well as trends  the most stylish range of shoes & sandals,36,0186108478,safe
Awesome Granite Cheese,Ergonomic executive chair upholstered in bonded black leather and PVC padded seat and back for all-day comfort and support,10,0591099098,safe
Ergonomic Cotton Car,Carbonite web goalkeeper gloves are ergonomically designed to give easy fit,20,1602769869,danger
Oriental Metal Sausages,Ergonomic executive chair upholstered in bonded black leather and PVC padded seat and back for all-day comfort and support,19,0646117564,danger
Bespoke Metal Shirt,Carbonite web goalkeeper gloves are ergonomically designed to give easy fit,8,0869365665,danger
Ergonomic Concrete Keyboard,Boston's most advanced compression wear technology increases muscle oxygenation  stabilizes active muscles,35,1160117454,danger
Rustic Cotton Tuna,Andy shoes are designed to keeping in mind durability as well as trends  the most stylish range of shoes & sandals,18,0595996183,safe
Tasty Steel Keyboard,The Apollotech B340 is an affordable wireless mouse with reliable connectivity  12 months battery life and modern design,14,1979665826,safe
Gorgeous Rubber Car,Andy shoes are designed to keeping in mind durability as well as trends  the most stylish range of shoes & sandals,28,1678275336,safe
Small Plastic Soap,New ABC 13 9370  13.3  5th Gen CoreA5-8250U  8GB RAM  256GB SSD  power UHD Graphics  OS 10 Home  OS Office A & J 2016,27,1865661511,danger
Generic Cotton Keyboard,The Football Is Good For Training And Recreational Purposes,15,1902380193,safe
Handmade Wooden Bacon,New ABC 13 9370  13.3  5th Gen CoreA5-8250U  8GB RAM  256GB SSD  power UHD Graphics  OS 10 Home  OS Office A & J 2016,8,1620021676,safe
Ergonomic Wooden Pants,Ergonomic executive chair upholstered in bonded black leather and PVC padded seat and back for all-day comfort and support,1,1539703622,safe
Small Steel Pants,The Nagasaki Lander is the trademarked name of several series of Nagasaki sport bikes  that started with the 1984 ABC800J,7,1944206884,danger
Ergonomic Fresh Mouse,The beautiful range of Apple Naturalé that has an exciting mix of natural ingredients. With the Goodness of 100% Natural Ingredients,14,1391766490,danger
Bespoke Steel Table,Andy shoes are designed to keeping in mind durability as well as trends  the most stylish range of shoes & sandals,14,1735623563,safe
Handmade Concrete Car,Carbonite web goalkeeper gloves are ergonomically designed to give easy fit,39,0505693577,safe
Awesome Rubber Salad,The Apollotech B340 is an affordable wireless mouse with reliable connectivity  12 months battery life and modern design,35,1001194926,danger
Incredible Granite Fish,The Apollotech B340 is an affordable wireless mouse with reliable connectivity  12 months battery life and modern design,8,1983840130,danger
Small Metal Shirt,Boston's most advanced compression wear technology increases muscle oxygenation  stabilizes active muscles,26,1981008055,safe
Sleek Metal Mouse,The Football Is Good For Training And Recreational Purposes,6,1892200430,safe
Practical Granite Bacon,Ergonomic executive chair upholstered in bonded black leather and PVC padded seat and back for all-day comfort and support,15,0303193891,safe
Awesome Fresh Chips,Ergonomic executive chair upholstered in bonded black leather and PVC padded seat and back for all-day comfort and support,35,0822530473,danger
Elegant Rubber Pizza,Ergonomic executive chair upholstered in bonded black leather and PVC padded seat and back for all-day comfort and support,35,0170151174,danger
Gorgeous Fresh Bike,The Apollotech B340 is an affordable wireless mouse with reliable connectivity  12 months battery life and modern design,34,1580533264,danger
Electronic Wooden Shirt,New ABC 13 9370  13.3  5th Gen CoreA5-8250U  8GB RAM  256GB SSD  power UHD Graphics  OS 10 Home  OS Office A & J 2016,33,026734628X,safe
Incredible Wooden Computer,Andy shoes are designed to keeping in mind durability as well as trends  the most stylish range of shoes & sandals,30,0628719353,safe
Electronic Frozen Bike,Andy shoes are designed to keeping in mind durability as well as trends  the most stylish range of shoes & sandals,22,1683145755,safe
Intelligent Frozen Tuna,The Nagasaki Lander is the trademarked name of several series of Nagasaki sport bikes  that started with the 1984 ABC800J,9,1632816199,safe
Unbranded Granite Keyboard,The Apollotech B340 is an affordable wireless mouse with reliable connectivity  12 months battery life and modern design,32,1906205388,danger
Generic Bronze Tuna,New range of formal shirts are designed keeping you in mind. With fits and styling that will make you stand apart,20,0495336386,danger
Awesome Soft Sausages,Ergonomic executive chair upholstered in bonded black leather and PVC padded seat and back for all-day comfort and support,15,1760118648,danger
Unbranded Plastic Soap,The automobile layout consists of a front-engine design  with transaxle-type transmissions mounted at the rear of the engine and four wheel drive,29,1442223480,danger
Electronic Soft Fish,New ABC 13 9370  13.3  5th Gen CoreA5-8250U  8GB RAM  256GB SSD  power UHD Graphics  OS 10 Home  OS Office A & J 2016,12,0181048787,safe
Modern Cotton Pants,The Apollotech B340 is an affordable wireless mouse with reliable connectivity  12 months battery life and modern design,11,0132837978,safe
Sleek Steel Sausages,The beautiful range of Apple Naturalé that has an exciting mix of natural ingredients. With the Goodness of 100% Natural Ingredients,37,1536453307,safe
Electronic Soft Towels,The slim & simple Maple Gaming Keyboard from Dev Byte comes with a sleek body and 7- Color RGB LED Back-lighting for smart functionality,28,0016677285,danger
Bespoke Steel Keyboard,New ABC 13 9370  13.3  5th Gen CoreA5-8250U  8GB RAM  256GB SSD  power UHD Graphics  OS 10 Home  OS Office A & J 2016,0,1051636485,safe
Licensed Metal Shirt,The slim & simple Maple Gaming Keyboard from Dev Byte comes with a sleek body and 7- Color RGB LED Back-lighting for smart functionality,23,1801263094,danger
Luxurious Plastic Sausages,Ergonomic executive chair upholstered in bonded black leather and PVC padded seat and back for all-day comfort and support,11,1470346974,safe
Licensed Wooden Car,The beautiful range of Apple Naturalé that has an exciting mix of natural ingredients. With the Goodness of 100% Natural Ingredients,4,0388514264,safe
Small Granite Keyboard,New range of formal shirts are designed keeping you in mind. With fits and styling that will make you stand apart,31,0080912095,safe
Generic Cotton Pants,Boston's most advanced compression wear technology increases muscle oxygenation  stabilizes active muscles,39,0570143209,danger
Recycled Rubber Fish,Carbonite web goalkeeper gloves are ergonomically designed to give easy fit,4,1945436646,danger
Small Soft Chips,The slim & simple Maple Gaming Keyboard from Dev Byte comes with a sleek body and 7- Color RGB LED Back-lighting for smart functionality,4,1335404767,safe
Ergonomic Bronze Table,New ABC 13 9370  13.3  5th Gen CoreA5-8250U  8GB RAM  256GB SSD  power UHD Graphics  OS 10 Home  OS Office A & J 2016,5,077122480X,danger
Modern Concrete Bike,New ABC 13 9370  13.3  5th Gen CoreA5-8250U  8GB RAM  256GB SSD  power UHD Graphics  OS 10 Home  OS Office A & J 2016,26,0353712310,danger
Bespoke Rubber Ball,The Apollotech B340 is an affordable wireless mouse with reliable connectivity  12 months battery life and modern design,14,0992846234,danger
Generic Metal Shoes,Carbonite web goalkeeper gloves are ergonomically designed to give easy fit,14,0709691084,safe
Oriental Granite Fish,Boston's most advanced compression wear technology increases muscle oxygenation  stabilizes active muscles,25,0432505792,danger
Recycled Metal Shirt,The slim & simple Maple Gaming Keyboard from Dev Byte comes with a sleek body and 7- Color RGB LED Back-lighting for smart functionality,20,1259506851,danger
Electronic Wooden Keyboard,The Football Is Good For Training And Recreational Purposes,24,0709288395,safe
Unbranded Concrete Sausages,The Apollotech B340 is an affordable wireless mouse with reliable connectivity  12 months battery life and modern design,23,0414729609,safe
Modern Cotton Hat,The slim & simple Maple Gaming Keyboard from Dev Byte comes with a sleek body and 7- Color RGB LED Back-lighting for smart functionality,28,1223674053,danger
Fantastic Granite Car,New range of formal shirts are designed keeping you in mind. With fits and styling that will make you stand apart,36,0748216758,danger
Oriental Soft Mouse,The beautiful range of Apple Naturalé that has an exciting mix of natural ingredients. With the Goodness of 100% Natural Ingredients,28,1461764718,safe
Luxurious Soft Chips,The Football Is Good For Training And Recreational Purposes,23,061150118X,danger
Handmade Granite Shirt,The beautiful range of Apple Naturalé that has an exciting mix of natural ingredients. With the Goodness of 100% Natural Ingredients,1,0722279736,danger
Practical Fresh Tuna,The automobile layout consists of a front-engine design  with transaxle-type transmissions mounted at the rear of the engine and four wheel drive,26,0864571550,danger
Practical Cotton Bike,Boston's most advanced compression wear technology increases muscle oxygenation  stabilizes active muscles,10,0035475994,danger
Ergonomic Wooden Car,New ABC 13 9370  13.3  5th Gen CoreA5-8250U  8GB RAM  256GB SSD  power UHD Graphics  OS 10 Home  OS Office A & J 2016,8,1479374369,danger
Handmade Concrete Tuna,The slim & simple Maple Gaming Keyboard from Dev Byte comes with a sleek body and 7- Color RGB LED Back-lighting for smart functionality,13,0897954025,danger
Modern Metal Sausages,The slim & simple Maple Gaming Keyboard from Dev Byte comes with a sleek body and 7- Color RGB LED Back-lighting for smart functionality,23,0977050688,safe
Sleek Plastic Soap,Carbonite web goalkeeper gloves are ergonomically designed to give easy fit,11,1152749048,safe
Recycled Metal Ball,Ergonomic executive chair upholstered in bonded black leather and PVC padded seat and back for all-day comfort and support,25,1195492472,danger
Licensed Frozen Chicken,Andy shoes are designed to keeping in mind durability as well as trends  the most stylish range of shoes & sandals,38,0878849564,danger
Unbranded Soft Bike,The slim & simple Maple Gaming Keyboard from Dev Byte comes with a sleek body and 7- Color RGB LED Back-lighting for smart functionality,28,0424037882,danger
Oriental Cotton Chips,The automobile layout consists of a front-engine design  with transaxle-type transmissions mounted at the rear of the engine and four wheel drive,26,0662596293,danger
Unbranded Cotton Gloves,New range of formal shirts are designed keeping you in mind. With fits and styling that will make you stand apart,38,161116933X,danger
Elegant Concrete Car,The slim & simple Maple Gaming Keyboard from Dev Byte comes with a sleek body and 7- Color RGB LED Back-lighting for smart functionality,4,1237087384,danger
Awesome Plastic Bike,New ABC 13 9370  13.3  5th Gen CoreA5-8250U  8GB RAM  256GB SSD  power UHD Graphics  OS 10 Home  OS Office A & J 2016,10,1400910668,danger
Tasty Fresh Ball,Carbonite web goalkeeper gloves are ergonomically designed to give easy fit,33,1462633919,danger
Luxurious Steel Hat,Andy shoes are designed to keeping in mind durability as well as trends  the most stylish range of shoes & sandals,35,1896316743,danger
Awesome Metal Hat,The Nagasaki Lander is the trademarked name of several series of Nagasaki sport bikes  that started with the 1984 ABC800J,0,0601704401,safe
Bespoke Frozen Salad,New ABC 13 9370  13.3  5th Gen CoreA5-8250U  8GB RAM  256GB SSD  power UHD Graphics  OS 10 Home  OS Office A & J 2016,20,1971000841,safe
Generic Fresh Bike,The Nagasaki Lander is the trademarked name of several series of Nagasaki sport bikes  that started with the 1984 ABC800J,31,1424776678,safe
Modern Bronze Fish,The beautiful range of Apple Naturalé that has an exciting mix of natural ingredients. With the Goodness of 100% Natural Ingredients,2,0870269860,danger
Rustic Bronze Keyboard,The Football Is Good For Training And Recreational Purposes,14,0551887605,safe
Generic Bronze Bike,Carbonite web goalkeeper gloves are ergonomically designed to give easy fit,0,0164717617,danger
Elegant Fresh Gloves,Ergonomic executive chair upholstered in bonded black leather and PVC padded seat and back for all-day comfort and support,20,0814874800,safe
Intelligent Plastic Bacon,The beautiful range of Apple Naturalé that has an exciting mix of natural ingredients. With the Goodness of 100% Natural Ingredients,40,1826462414,danger
Gorgeous Rubber Keyboard,The slim & simple Maple Gaming Keyboard from Dev Byte comes with a sleek body and 7- Color RGB LED Back-lighting for smart functionality,6,1687044473,safe
Luxurious Rubber Computer,Carbonite web goalkeeper gloves are ergonomically designed to give easy fit,24,1575289644,safe
Handcrafted Concrete Computer,New range of formal shirts are designed keeping you in mind. With fits and styling that will make you stand apart,8,1546208410,safe
Handmade Cotton Gloves,New ABC 13 9370  13.3  5th Gen CoreA5-8250U  8GB RAM  256GB SSD  power UHD Graphics  OS 10 Home  OS Office A & J 2016,39,0190123354,danger
Fantastic Rubber Pants,New range of formal shirts are designed keeping you in mind. With fits and styling that will make you stand apart,20,0072562552,danger
Ergonomic Fresh Soap,New ABC 13 9370  13.3  5th Gen CoreA5-8250U  8GB RAM  256GB SSD  power UHD Graphics  OS 10 Home  OS Office A & J 2016,13,1989529984,danger
Elegant Fresh Computer,The beautiful range of Apple Naturalé that has an exciting mix of natural ingredients. With the Goodness of 100% Natural Ingredients,1,131564293X,danger
Unbranded Bronze Pizza,The Apollotech B340 is an affordable wireless mouse with reliable connectivity  12 months battery life and modern design,26,1419205854,danger
Handcrafted Soft Bike,The slim & simple Maple Gaming Keyboard from Dev Byte comes with a sleek body and 7- Color RGB LED Back-lighting for smart functionality,26,0113641982,safe
Incredible Bronze Shirt,The beautiful range of Apple Naturalé that has an exciting mix of natural ingredients. With the Goodness of 100% Natural Ingredients,25,0421332336,danger
Handmade Soft Ball,Boston's most advanced compression wear technology increases muscle oxygenation  stabilizes active muscles,30,1329293770,safe
Generic Frozen Car,The Apollotech B340 is an affordable wireless mouse with reliable connectivity  12 months battery life and modern design,28,0305780441,safe
Rustic Concrete Soap,Andy shoes are designed to keeping in mind durability as well as trends  the most stylish range of shoes & sandals,13,194422744X,safe
Unbranded Fresh Ball,The Apollotech B340 is an affordable wireless mouse with reliable connectivity  12 months battery life and modern design,12,0173068618,safe
Oriental Bronze Hat,Carbonite web goalkeeper gloves are ergonomically designed to give easy fit,6,0513113894,danger
Luxurious Cotton Towels,The beautiful range of Apple Naturalé that has an exciting mix of natural ingredients. With the Goodness of 100% Natural Ingredients,13,0576565946,safe
Tasty Fresh Pants,The beautiful range of Apple Naturalé that has an exciting mix of natural ingredients. With the Goodness of 100% Natural Ingredients,1,1096710846,danger
Tasty Metal Chips,Carbonite web goalkeeper gloves are ergonomically designed to give easy fit,11,0419208194,safe
Electronic Steel Pants,New range of formal shirts are designed keeping you in mind. With fits and styling that will make you stand apart,38,0296811246,danger
Gorgeous Soft Gloves,The slim & simple Maple Gaming Keyboard from Dev Byte comes with a sleek body and 7- Color RGB LED Back-lighting for smart functionality,4,1760029564,danger
Tasty Granite Salad,The Football Is Good For Training And Recreational Purposes,3,1078293384,safe
Refined Granite Pizza,The slim & simple Maple Gaming Keyboard from Dev Byte comes with a sleek body and 7- Color RGB LED Back-lighting for smart functionality,13,1368661599,safe
Small Rubber Bacon,The Nagasaki Lander is the trademarked name of several series of Nagasaki sport bikes  that started with the 1984 ABC800J,7,119157489X,danger
Oriental Frozen Fish,Ergonomic executive chair upholstered in bonded black leather and PVC padded seat and back for all-day comfort and support,30,1495475603,danger
Sleek Wooden Chair,Andy shoes are designed to keeping in mind durability as well as trends  the most stylish range of shoes & sandals,11,0548495076,danger
Incredible Cotton Shirt,The Football Is Good For Training And Recreational Purposes,19,0466694601,danger
Gorgeous Plastic Chips,New ABC 13 9370  13.3  5th Gen CoreA5-8250U  8GB RAM  256GB SSD  power UHD Graphics  OS 10 Home  OS Office A & J 2016,1,0586819916,danger
Electronic Steel Bacon,The Nagasaki Lander is the trademarked name of several series of Nagasaki sport bikes  that started with the 1984 ABC800J,2,1659272017,safe
Small Wooden Gloves,The automobile layout consists of a front-engine design  with transaxle-type transmissions mounted at the rear of the engine and four wheel drive,5,037016038X,safe
Luxurious Plastic Bike,New range of formal shirts are designed keeping you in mind. With fits and styling that will make you stand apart,22,1298511968,safe
Awesome Soft Shirt,The beautiful range of Apple Naturalé that has an exciting mix of natural ingredients. With the Goodness of 100% Natural Ingredients,9,0359755879,safe
Gorgeous Wooden Chips,New ABC 13 9370  13.3  5th Gen CoreA5-8250U  8GB RAM  256GB SSD  power UHD Graphics  OS 10 Home  OS Office A & J 2016,22,1224900677,safe
Luxurious Rubber Computer,The automobile layout consists of a front-engine design  with transaxle-type transmissions mounted at the rear of the engine and four wheel drive,40,1062813839,danger
Bespoke Fresh Cheese,Ergonomic executive chair upholstered in bonded black leather and PVC padded seat and back for all-day comfort and support,22,1682332586,safe
Awesome Fresh Sausages,The automobile layout consists of a front-engine design  with transaxle-type transmissions mounted at the rear of the engine and four wheel drive,0,1173802037,safe
Sleek Soft Tuna,Ergonomic executive chair upholstered in bonded black leather and PVC padded seat and back for all-day comfort and support,38,0708252079,danger
Generic Soft Shoes,The Apollotech B340 is an affordable wireless mouse with reliable connectivity  12 months battery life and modern design,22,0908358318,danger
Rustic Fresh Chips,Andy shoes are designed to keeping in mind durability as well as trends  the most stylish range of shoes & sandals,2,0789318741,safe
Sleek Plastic Mouse,The Apollotech B340 is an affordable wireless mouse with reliable connectivity  12 months battery life and modern design,23,0594840139,danger
Sleek Fresh Towels,New range of formal shirts are designed keeping you in mind. With fits and styling that will make you stand apart,37,1464522588,safe
Gorgeous Soft Sausages,The slim & simple Maple Gaming Keyboard from Dev Byte comes with a sleek body and 7- Color RGB LED Back-lighting for smart functionality,33,0605958270,danger
Tasty Rubber Pants,The Football Is Good For Training And Recreational Purposes,40,0828704848,safe
Bespoke Frozen Shoes,The automobile layout consists of a front-engine design  with transaxle-type transmissions mounted at the rear of the engine and four wheel drive,2,1802125116,danger
Incredible Soft Cheese,Andy shoes are designed to keeping in mind durability as well as trends  the most stylish range of shoes & sandals,38,1842255142,safe
Luxurious Plastic Chicken,The Apollotech B340 is an affordable wireless mouse with reliable connectivity  12 months battery life and modern design,20,1729461085,safe
Handmade Fresh Salad,The Football Is Good For Training And Recreational Purposes,29,1841706132,danger
